Timestamp,User Count,Type,Name,Requests/s,Failures/s,50%,66%,75%,80%,90%,95%,98%,99%,99.9%,99.99%,100%,Total Request Count,Total Failure Count,Total Median Response Time,Total Average Response Time,Total Min Response Time,Total Max Response Time,Total Average Content Size
1701864745,0,,Aggregated,0.000000,0.000000,N/A,N/A,N/A,N/A,N/A,N/A,N/A,N/A,N/A,N/A,N/A,0,0,0,0.0,0,0,0
1701864746,40,GET,/,0.000000,0.000000,0,0,0,0,0,0,0,0,0,0,0,20,0,52,67.98803000000007,44.60010000000025,92.97090000000009,8688.0
1701864746,40,,Aggregated,0.000000,0.000000,0,0,0,0,0,0,0,0,0,0,0,20,0,52,67.98803000000007,44.60010000000025,92.97090000000009,8688.0
1701864747,60,GET,/,0.000000,0.000000,96,100,100,110,140,140,140,140,140,140,140,60,0,88,80.87205333333334,27.86400000000011,142.98910000000032,8688.0
1701864747,60,,Aggregated,0.000000,0.000000,96,100,100,110,140,140,140,140,140,140,140,60,0,88,80.87205333333334,27.86400000000011,142.98910000000032,8688.0
1701864748,80,GET,/,20.000000,0.000000,290,300,330,380,390,410,480,480,480,480,480,120,0,140.0,204.55475999999996,27.86400000000011,483.9729999999998,8688.0
1701864748,80,,Aggregated,20.000000,0.000000,290,300,330,380,390,410,480,480,480,480,480,120,0,140.0,204.55475999999996,27.86400000000011,483.9729999999998,8688.0
1701864749,100,GET,/,23.000000,0.000000,96,140,290,300,390,390,470,480,480,480,480,200,0,90,142.68580400000002,3.711299999999973,483.9729999999998,8688.0
1701864749,100,,Aggregated,23.000000,0.000000,96,140,290,300,390,390,470,480,480,480,480,200,0,90,142.68580400000002,3.711299999999973,483.9729999999998,8688.0
1701864750,120,GET,/,20.666667,0.000000,100,280,300,360,480,920,1100,1100,1100,1100,1100,224,0,93,208.10970848214282,3.711299999999973,1117.6213000000007,8688.0
1701864750,120,,Aggregated,20.666667,0.000000,100,280,300,360,480,920,1100,1100,1100,1100,1100,224,0,93,208.10970848214282,3.711299999999973,1117.6213000000007,8688.0
1701864751,140,GET,/,35.500000,0.000000,290,730,850,930,1000,1100,1200,1200,1200,1200,1200,355,0,270.0,394.50001971830983,2.817900000000151,1186.2785999999996,8688.0
1701864751,140,,Aggregated,35.500000,0.000000,290,730,850,930,1000,1100,1200,1200,1200,1200,1200,355,0,270.0,394.50001971830983,2.817900000000151,1186.2785999999996,8688.0
1701864753,160,GET,/,37.333333,0.000000,200,570,870,930,1100,1100,1100,1200,1200,1200,1200,421,0,140.0,390.4691342042755,2.817900000000151,1186.2785999999996,8688.0
1701864753,160,,Aggregated,37.333333,0.000000,200,570,870,930,1100,1100,1100,1200,1200,1200,1200,421,0,140.0,390.4691342042755,2.817900000000151,1186.2785999999996,8688.0
1701864754,180,GET,/,50.714286,0.000000,430,630,910,940,1100,1100,1200,1300,1500,1500,1500,581,0,390.0,459.49517848537005,2.817900000000151,1502.5024999999985,8688.0
1701864754,180,,Aggregated,50.714286,0.000000,430,630,910,940,1100,1100,1200,1300,1500,1500,1500,581,0,390.0,459.49517848537005,2.817900000000151,1502.5024999999985,8688.0
1701864755,200,GET,/,50.125000,0.000000,210,560,740,920,1000,1100,1200,1300,1500,1500,1500,708,0,210.0,397.06046624293805,2.817900000000151,1502.5024999999985,8688.0
1701864755,200,,Aggregated,50.125000,0.000000,210,560,740,920,1000,1100,1200,1300,1500,1500,1500,708,0,210.0,397.06046624293805,2.817900000000151,1502.5024999999985,8688.0
1701864756,210,GET,/,52.444444,0.000000,210,440,580,730,960,1100,1100,1200,1500,1500,1500,918,0,200.0,357.42864607843165,2.817900000000151,1502.5024999999985,8688.0
1701864756,210,,Aggregated,52.444444,0.000000,210,440,580,730,960,1100,1100,1200,1500,1500,1500,918,0,200.0,357.42864607843165,2.817900000000151,1502.5024999999985,8688.0
1701864757,210,GET,/,64.000000,0.000000,180,300,470,580,950,1100,1100,1200,1400,1500,1500,1128,0,160.0,306.8238406914898,2.817900000000151,1502.5024999999985,8688.0
1701864757,210,,Aggregated,64.000000,0.000000,180,300,470,580,950,1100,1100,1200,1400,1500,1500,1128,0,160.0,306.8238406914898,2.817900000000151,1502.5024999999985,8688.0
1701864758,210,GET,/,78.100000,0.000000,110,200,430,510,940,1100,1100,1200,1400,1500,1500,1337,0,110.0,267.51229835452557,2.411000000000385,1502.5024999999985,8688.0
1701864758,210,,Aggregated,78.100000,0.000000,110,200,430,510,940,1100,1100,1200,1400,1500,1500,1337,0,110.0,267.51229835452557,2.411000000000385,1502.5024999999985,8688.0
1701864759,210,GET,/,93.800000,0.000000,100,180,330,480,930,1100,1100,1200,1400,1500,1500,1510,0,97,243.2431843046363,2.411000000000385,1502.5024999999985,8688.0
1701864759,210,,Aggregated,93.800000,0.000000,100,180,330,480,930,1100,1100,1200,1400,1500,1500,1510,0,97,243.2431843046363,2.411000000000385,1502.5024999999985,8688.0
1701864760,210,GET,/,113.200000,0.000000,93,180,210,420,830,970,1100,1200,1400,1500,1500,1665,0,93,227.26823531531582,2.411000000000385,1502.5024999999985,8688.0
1701864760,210,,Aggregated,113.200000,0.000000,93,180,210,420,830,970,1100,1200,1400,1500,1500,1665,0,93,227.26823531531582,2.411000000000385,1502.5024999999985,8688.0
1701864761,210,GET,/,125.200000,0.000000,97,180,210,450,700,900,1100,1100,1400,1500,1500,1784,0,100.0,259.92391306053855,2.411000000000385,1502.5024999999985,8688.0
1701864761,210,,Aggregated,125.200000,0.000000,97,180,210,450,700,900,1100,1100,1400,1500,1500,1784,0,100.0,259.92391306053855,2.411000000000385,1502.5024999999985,8688.0
1701864762,210,GET,/,138.500000,0.000000,100,190,460,600,790,940,1100,1200,1500,1600,1600,1875,0,100.0,290.0852219200005,2.411000000000385,1587.5239000000008,8688.0
1701864762,210,,Aggregated,138.500000,0.000000,100,190,460,600,790,940,1100,1200,1500,1600,1600,1875,0,100.0,290.0852219200005,2.411000000000385,1587.5239000000008,8688.0
1701864763,210,GET,/,144.100000,0.000000,120,200,410,470,700,790,880,910,1400,1600,1600,2085,0,140.0,293.91297026378953,2.411000000000385,1587.5239000000008,8688.0
1701864763,210,,Aggregated,144.100000,0.000000,120,200,410,470,700,790,880,910,1400,1600,1600,2085,0,140.0,293.91297026378953,2.411000000000385,1587.5239000000008,8688.0
1701864764,210,GET,/,147.000000,0.000000,110,180,260,340,700,790,880,910,1400,1600,1600,2295,0,120.0,276.02972592592664,2.411000000000385,1587.5239000000008,8688.0
1701864764,210,,Aggregated,147.000000,0.000000,110,180,260,340,700,790,880,910,1400,1600,1600,2295,0,120.0,276.02972592592664,2.411000000000385,1587.5239000000008,8688.0
1701864765,210,GET,/,159.300000,0.000000,91,170,200,300,700,780,880,900,1400,1600,1600,2505,0,100.0,254.59825980039992,2.411000000000385,1587.5239000000008,8688.0
1701864765,210,,Aggregated,159.300000,0.000000,91,170,200,300,700,780,880,900,1400,1600,1600,2505,0,100.0,254.59825980039992,2.411000000000385,1587.5239000000008,8688.0
1701864766,210,GET,/,168.700000,0.000000,82,110,190,270,690,780,880,900,1400,1600,1600,2715,0,100.0,240.11596062615172,2.411000000000385,1587.5239000000008,8688.0
1701864766,210,,Aggregated,168.700000,0.000000,82,110,190,270,690,780,880,900,1400,1600,1600,2715,0,100.0,240.11596062615172,2.411000000000385,1587.5239000000008,8688.0
1701864767,210,GET,/,172.900000,0.000000,78,110,180,270,690,780,880,900,1400,1600,1600,2925,0,93,225.60501555555652,2.340300000000184,1587.5239000000008,8688.0
1701864767,210,,Aggregated,172.900000,0.000000,78,110,180,270,690,780,880,900,1400,1600,1600,2925,0,93,225.60501555555652,2.340300000000184,1587.5239000000008,8688.0
1701864768,210,GET,/,176.500000,0.000000,77,110,190,310,700,790,880,910,1400,1600,1600,3039,0,92,220.83182079631547,2.340300000000184,1587.5239000000008,8688.0
1701864768,210,,Aggregated,176.500000,0.000000,77,110,190,310,700,790,880,910,1400,1600,1600,3039,0,92,220.83182079631547,2.340300000000184,1587.5239000000008,8688.0
1701864769,210,GET,/,179.000000,0.000000,90,170,300,380,700,790,880,910,1400,1600,1600,3249,0,94,220.31287051400525,2.340300000000184,1587.5239000000008,8688.0
1701864769,210,,Aggregated,179.000000,0.000000,90,170,300,380,700,790,880,910,1400,1600,1600,3249,0,94,220.31287051400525,2.340300000000184,1587.5239000000008,8688.0
1701864770,210,GET,/,176.600000,0.000000,83,160,280,340,690,780,880,900,1400,1600,1600,3459,0,89,209.91233365134522,2.340300000000184,1587.5239000000008,8688.0
1701864770,210,,Aggregated,176.600000,0.000000,83,160,280,340,690,780,880,900,1400,1600,1600,3459,0,89,209.91233365134522,2.340300000000184,1587.5239000000008,8688.0
1701864771,210,GET,/,175.100000,0.000000,69,97,160,190,360,470,780,870,1300,1400,1400,3669,0,85,199.2122613518677,2.1384999999973786,1587.5239000000008,8688.0
1701864771,210,,Aggregated,175.100000,0.000000,69,97,160,190,360,470,780,870,1300,1400,1400,3669,0,85,199.2122613518677,2.1384999999973786,1587.5239000000008,8688.0
1701864772,210,GET,/,173.200000,0.000000,56,84,100,110,190,310,390,400,500,510,510,3859,0,84,192.6675365897908,2.1384999999973786,1587.5239000000008,8688.0
1701864772,210,,Aggregated,173.200000,0.000000,56,84,100,110,190,310,390,400,500,510,510,3859,0,84,192.6675365897908,2.1384999999973786,1587.5239000000008,8688.0
1701864773,210,GET,/,185.400000,0.000000,62,88,100,110,180,290,390,400,500,510,510,4069,0,86,188.4401784713693,2.1384999999973786,1587.5239000000008,8688.0
1701864773,210,,Aggregated,185.400000,0.000000,62,88,100,110,180,290,390,400,500,510,510,4069,0,86,188.4401784713693,2.1384999999973786,1587.5239000000008,8688.0
1701864774,210,GET,/,189.300000,0.000000,32,78,92,100,170,290,390,400,500,510,510,4279,0,81,179.95578284645984,2.1384999999973786,1587.5239000000008,8688.0
1701864774,210,,Aggregated,189.300000,0.000000,32,78,92,100,170,290,390,400,500,510,510,4279,0,81,179.95578284645984,2.1384999999973786,1587.5239000000008,8688.0
1701864775,210,GET,/,191.200000,0.000000,29,79,92,100,170,290,390,400,500,510,510,4487,0,77,172.73824544238957,2.1384999999973786,1587.5239000000008,8688.0
1701864775,210,,Aggregated,191.200000,0.000000,29,79,92,100,170,290,390,400,500,510,510,4487,0,77,172.73824544238957,2.1384999999973786,1587.5239000000008,8688.0
1701864776,210,GET,/,195.700000,0.000000,23,75,88,97,170,290,390,400,500,510,510,4683,0,73,166.70518084561235,2.1384999999973786,1587.5239000000008,8688.0
1701864776,210,,Aggregated,195.700000,0.000000,23,75,88,97,170,290,390,400,500,510,510,4683,0,73,166.70518084561235,2.1384999999973786,1587.5239000000008,8688.0
1701864777,210,GET,/,195.700000,0.000000,23,71,88,99,180,290,390,400,500,510,510,4832,0,70,162.74545678808,2.1384999999973786,1587.5239000000008,8688.0
1701864777,210,,Aggregated,195.700000,0.000000,23,71,88,99,180,290,390,400,500,510,510,4832,0,70,162.74545678808,2.1384999999973786,1587.5239000000008,8688.0
1701864778,210,GET,/,195.300000,0.000000,23,76,93,110,210,280,310,370,420,480,480,5009,0,74,167.04341143940957,2.1384999999973786,1587.5239000000008,8688.0
1701864778,210,,Aggregated,195.300000,0.000000,23,76,93,110,210,280,310,370,420,480,480,5009,0,74,167.04341143940957,2.1384999999973786,1587.5239000000008,8688.0
1701864779,210,GET,/,195.500000,0.000000,23,73,89,110,220,280,370,390,480,480,480,5219,0,74,163.78719482659562,2.1384999999973786,1587.5239000000008,8688.0
1701864779,210,,Aggregated,195.500000,0.000000,23,73,89,110,220,280,370,390,480,480,480,5219,0,74,163.78719482659562,2.1384999999973786,1587.5239000000008,8688.0
1701864780,210,GET,/,192.000000,0.000000,27,80,100,140,220,280,370,380,480,480,480,5429,0,74,160.70013111070233,2.1384999999973786,1587.5239000000008,8688.0
1701864780,210,,Aggregated,192.000000,0.000000,27,80,100,140,220,280,370,380,480,480,480,5429,0,74,160.70013111070233,2.1384999999973786,1587.5239000000008,8688.0
1701864781,210,GET,/,194.100000,0.000000,29,81,100,140,220,280,370,380,480,480,480,5639,0,71,156.00031390317488,2.1384999999973786,1587.5239000000008,8688.0
1701864781,210,,Aggregated,194.100000,0.000000,29,81,100,140,220,280,370,380,480,480,480,5639,0,71,156.00031390317488,2.1384999999973786,1587.5239000000008,8688.0
1701864782,210,GET,/,195.500000,0.000000,23,68,88,100,210,280,370,380,480,480,480,5848,0,69,151.3273690492482,2.1384999999973786,1587.5239000000008,8688.0
1701864782,210,,Aggregated,195.500000,0.000000,23,68,88,100,210,280,370,380,480,480,480,5848,0,69,151.3273690492482,2.1384999999973786,1587.5239000000008,8688.0
1701864783,210,GET,/,196.300000,0.000000,17,57,73,88,210,280,370,380,480,480,480,6058,0,66,146.53931865302152,2.1384999999973786,1587.5239000000008,8688.0
1701864783,210,,Aggregated,196.300000,0.000000,17,57,73,88,210,280,370,380,480,480,480,6058,0,66,146.53931865302152,2.1384999999973786,1587.5239000000008,8688.0
1701864784,210,GET,/,196.100000,0.000000,17,48,73,88,210,280,370,380,480,480,480,6268,0,63,141.97594569240673,2.1384999999973786,1587.5239000000008,8688.0
1701864784,210,,Aggregated,196.100000,0.000000,17,48,73,88,210,280,370,380,480,480,480,6268,0,63,141.97594569240673,2.1384999999973786,1587.5239000000008,8688.0
1701864785,210,GET,/,198.300000,0.000000,14,45,71,85,210,280,370,380,480,480,480,6478,0,58,137.7364244674291,2.1384999999973786,1587.5239000000008,8688.0
1701864785,210,,Aggregated,198.300000,0.000000,14,45,71,85,210,280,370,380,480,480,480,6478,0,58,137.7364244674291,2.1384999999973786,1587.5239000000008,8688.0
1701864786,210,GET,/,198.300000,0.000000,12,27,68,82,210,280,370,380,480,480,480,6687,0,49,133.69796792283623,2.1357000000037374,1587.5239000000008,8688.0
1701864786,210,,Aggregated,198.300000,0.000000,12,27,68,82,210,280,370,380,480,480,480,6687,0,49,133.69796792283623,2.1357000000037374,1587.5239000000008,8688.0
1701864787,210,GET,/,198.300000,0.000000,10,19,49,71,160,260,360,380,480,480,480,6885,0,41,130.03516193173652,2.1357000000037374,1587.5239000000008,8688.0
1701864787,210,,Aggregated,198.300000,0.000000,10,19,49,71,160,260,360,380,480,480,480,6885,0,41,130.03516193173652,2.1357000000037374,1587.5239000000008,8688.0
1701864788,210,GET,/,200.000000,0.000000,9,14,22,34,74,97,160,180,200,240,240,7095,0,36,126.64754652572317,2.1357000000037374,1587.5239000000008,8688.0
1701864788,210,,Aggregated,200.000000,0.000000,9,14,22,34,74,97,160,180,200,240,240,7095,0,36,126.64754652572317,2.1357000000037374,1587.5239000000008,8688.0
1701864789,210,GET,/,199.600000,0.000000,9,13,18,25,67,96,160,180,200,240,240,7301,0,33,123.40516990823261,2.1357000000037374,1587.5239000000008,8688.0
1701864789,210,,Aggregated,199.600000,0.000000,9,13,18,25,67,96,160,180,200,240,240,7301,0,33,123.40516990823261,2.1357000000037374,1587.5239000000008,8688.0
1701864790,210,GET,/,205.100000,0.000000,8,11,14,17,38,66,74,83,98,130,130,7510,0,29,120.25180173102615,2.1357000000037374,1587.5239000000008,8688.0
1701864790,210,,Aggregated,205.100000,0.000000,8,11,14,17,38,66,74,83,98,130,130,7510,0,29,120.25180173102615,2.1357000000037374,1587.5239000000008,8688.0
1701864791,210,GET,/,204.900000,0.000000,8,11,14,17,36,61,80,100,180,200,200,7704,0,28,118.18317827102894,2.1357000000037374,1587.5239000000008,8688.0
1701864791,210,,Aggregated,204.900000,0.000000,8,11,14,17,36,61,80,100,180,200,200,7704,0,28,118.18317827102894,2.1357000000037374,1587.5239000000008,8688.0
1701864792,210,GET,/,205.900000,0.000000,8,10,13,15,31,48,82,110,180,200,200,7891,0,27,115.76227077683521,2.1357000000037374,1587.5239000000008,8688.0
1701864792,210,,Aggregated,205.900000,0.000000,8,10,13,15,31,48,82,110,180,200,200,7891,0,27,115.76227077683521,2.1357000000037374,1587.5239000000008,8688.0
1701864793,210,GET,/,205.100000,0.000000,8,11,15,19,42,79,100,140,180,200,200,8101,0,27,113.84472672509654,2.1357000000037374,1587.5239000000008,8688.0
1701864793,210,,Aggregated,205.100000,0.000000,8,11,15,19,42,79,100,140,180,200,200,8101,0,27,113.84472672509654,2.1357000000037374,1587.5239000000008,8688.0
1701864794,210,GET,/,206.400000,0.000000,8,12,16,21,47,82,100,140,180,200,200,8311,0,25,111.44074176392816,2.1357000000037374,1587.5239000000008,8688.0
1701864794,210,,Aggregated,206.400000,0.000000,8,12,16,21,47,82,100,140,180,200,200,8311,0,25,111.44074176392816,2.1357000000037374,1587.5239000000008,8688.0
1701864795,210,GET,/,205.900000,0.000000,9,15,21,32,76,100,180,240,280,280,280,8521,0,26,110.83386354888007,2.1357000000037374,1587.5239000000008,8688.0
1701864795,210,,Aggregated,205.900000,0.000000,9,15,21,32,76,100,180,240,280,280,280,8521,0,26,110.83386354888007,2.1357000000037374,1587.5239000000008,8688.0
1701864796,210,GET,/,205.900000,0.000000,10,18,29,41,82,120,190,240,280,280,280,8731,0,26,109.11790523422371,2.1357000000037374,1587.5239000000008,8688.0
1701864796,210,,Aggregated,205.900000,0.000000,10,18,29,41,82,120,190,240,280,280,280,8731,0,26,109.11790523422371,2.1357000000037374,1587.5239000000008,8688.0
1701864797,210,GET,/,204.100000,0.000000,12,21,36,56,92,140,190,240,280,280,280,8902,0,26,108.02865422377079,2.1357000000037374,1587.5239000000008,8688.0
1701864797,210,,Aggregated,204.100000,0.000000,12,21,36,56,92,140,190,240,280,280,280,8902,0,26,108.02865422377079,2.1357000000037374,1587.5239000000008,8688.0
1701864798,210,GET,/,204.000000,0.000000,14,31,63,77,150,260,300,300,420,480,480,9109,0,27,109.2655201888251,2.1357000000037374,1587.5239000000008,8688.0
1701864798,210,,Aggregated,204.000000,0.000000,14,31,63,77,150,260,300,300,420,480,480,9109,0,27,109.2655201888251,2.1357000000037374,1587.5239000000008,8688.0
1701864799,210,GET,/,204.100000,0.000000,16,46,76,90,180,260,300,300,420,480,480,9312,0,27,108.65361984536165,2.1357000000037374,1587.5239000000008,8688.0
1701864799,210,,Aggregated,204.100000,0.000000,16,46,76,90,180,260,300,300,420,480,480,9312,0,27,108.65361984536165,2.1357000000037374,1587.5239000000008,8688.0
1701864800,210,GET,/,197.100000,0.000000,21,61,84,98,190,260,300,300,420,480,480,9488,0,27,107.93289404511037,2.1357000000037374,1587.5239000000008,8688.0
1701864800,210,,Aggregated,197.100000,0.000000,21,61,84,98,190,260,300,300,420,480,480,9488,0,27,107.93289404511037,2.1357000000037374,1587.5239000000008,8688.0
1701864801,210,GET,/,197.700000,0.000000,27,73,92,110,200,270,300,300,420,480,480,9677,0,28,107.81507912576281,2.1357000000037374,1587.5239000000008,8688.0
1701864801,210,,Aggregated,197.700000,0.000000,27,73,92,110,200,270,300,300,420,480,480,9677,0,28,107.81507912576281,2.1357000000037374,1587.5239000000008,8688.0
1701864802,210,GET,/,198.600000,0.000000,40,88,140,190,270,300,360,370,420,480,480,9848,0,30,110.38416600325026,2.1357000000037374,1587.5239000000008,8688.0
1701864802,210,,Aggregated,198.600000,0.000000,40,88,140,190,270,300,360,370,420,480,480,9848,0,30,110.38416600325026,2.1357000000037374,1587.5239000000008,8688.0
1701864803,210,GET,/,197.000000,0.000000,62,100,180,200,270,300,360,370,420,480,480,10003,0,30,110.42117845646398,2.1357000000037374,1587.5239000000008,8688.0
1701864803,210,,Aggregated,197.000000,0.000000,62,100,180,200,270,300,360,370,420,480,480,10003,0,30,110.42117845646398,2.1357000000037374,1587.5239000000008,8688.0
1701864804,210,GET,/,195.000000,0.000000,87,150,190,200,270,300,360,370,420,480,480,10209,0,33,111.25748277990087,2.1357000000037374,1587.5239000000008,8688.0
1701864804,210,,Aggregated,195.000000,0.000000,87,150,190,200,270,300,360,370,420,480,480,10209,0,33,111.25748277990087,2.1357000000037374,1587.5239000000008,8688.0
1701864805,210,GET,/,192.400000,0.000000,86,130,180,200,270,300,360,370,420,480,480,10418,0,34,110.26107424649724,2.1357000000037374,1587.5239000000008,8688.0
1701864805,210,,Aggregated,192.400000,0.000000,86,130,180,200,270,300,360,370,420,480,480,10418,0,34,110.26107424649724,2.1357000000037374,1587.5239000000008,8688.0
1701864806,210,GET,/,187.900000,0.000000,89,140,190,200,270,300,360,370,420,480,480,10561,0,33,109.38561228103487,2.1357000000037374,1587.5239000000008,8688.0
1701864806,210,,Aggregated,187.900000,0.000000,89,140,190,200,270,300,360,370,420,480,480,10561,0,33,109.38561228103487,2.1357000000037374,1587.5239000000008,8688.0
1701864807,210,GET,/,187.900000,0.000000,94,170,200,210,300,360,410,470,760,800,800,10633,0,34,111.50455589203514,2.1357000000037374,1587.5239000000008,8688.0
1701864807,210,,Aggregated,187.900000,0.000000,94,170,200,210,300,360,410,470,760,800,800,10633,0,34,111.50455589203514,2.1357000000037374,1587.5239000000008,8688.0
1701864808,210,GET,/,188.000000,0.000000,99,180,200,220,360,800,1800,1800,1900,1900,1900,10712,0,35,122.46894250373502,2.1357000000037374,1858.2140000000038,8688.0
1701864808,210,,Aggregated,188.000000,0.000000,99,180,200,220,360,800,1800,1800,1900,1900,1900,10712,0,35,122.46894250373502,2.1357000000037374,1858.2140000000038,8688.0
1701864809,210,GET,/,180.200000,0.000000,120,200,280,360,1500,1700,1800,1900,2300,2300,2300,10872,0,37,140.73265824135487,2.1357000000037374,2278.1335999999897,8688.0
1701864809,210,,Aggregated,180.200000,0.000000,120,200,280,360,1500,1700,1800,1900,2300,2300,2300,10872,0,37,140.73265824135487,2.1357000000037374,2278.1335999999897,8688.0
1701864810,210,GET,/,173.100000,0.000000,120,200,280,360,1500,1700,1800,1900,2300,2300,2300,11056,0,38,139.89415455861166,2.1357000000037374,2278.1335999999897,8688.0
1701864810,210,,Aggregated,173.100000,0.000000,120,200,280,360,1500,1700,1800,1900,2300,2300,2300,11056,0,38,139.89415455861166,2.1357000000037374,2278.1335999999897,8688.0
1701864811,210,GET,/,160.000000,0.000000,180,250,320,370,1500,1700,1800,1900,2300,2300,2300,11244,0,43,142.12933125222432,2.1357000000037374,2278.1335999999897,8688.0
1701864811,210,,Aggregated,160.000000,0.000000,180,250,320,370,1500,1700,1800,1900,2300,2300,2300,11244,0,43,142.12933125222432,2.1357000000037374,2278.1335999999897,8688.0
1701864812,210,GET,/,155.800000,0.000000,120,200,280,360,1400,1700,1800,1900,2300,2300,2300,11446,0,41,140.40136752577413,2.1357000000037374,2278.1335999999897,8688.0
1701864812,210,,Aggregated,155.800000,0.000000,120,200,280,360,1400,1700,1800,1900,2300,2300,2300,11446,0,41,140.40136752577413,2.1357000000037374,2278.1335999999897,8688.0
1701864814,210,GET,/,155.100000,0.000000,89,190,300,400,1500,1700,1800,1900,2300,2300,2300,11646,0,37,138.2329302249708,2.1357000000037374,2278.1335999999897,8688.0
1701864814,210,,Aggregated,155.100000,0.000000,89,190,300,400,1500,1700,1800,1900,2300,2300,2300,11646,0,37,138.2329302249708,2.1357000000037374,2278.1335999999897,8688.0
1701864815,210,GET,/,157.400000,0.000000,72,190,300,400,1500,1700,1800,1900,2300,2300,2300,11856,0,35,135.98735344973085,2.1357000000037374,2278.1335999999897,8688.0
1701864815,210,,Aggregated,157.400000,0.000000,72,190,300,400,1500,1700,1800,1900,2300,2300,2300,11856,0,35,135.98735344973085,2.1357000000037374,2278.1335999999897,8688.0
1701864816,210,GET,/,160.800000,0.000000,48,180,300,380,1500,1700,1800,1900,2300,2300,2300,12047,0,34,134.1556560471495,2.131900000009068,2278.1335999999897,8688.0
1701864816,210,,Aggregated,160.800000,0.000000,48,180,300,380,1500,1700,1800,1900,2300,2300,2300,12047,0,34,134.1556560471495,2.131900000009068,2278.1335999999897,8688.0
1701864817,210,GET,/,162.400000,0.000000,22,98,190,280,1400,1600,1800,1900,2300,2300,2300,12257,0,33,132.53431193603728,2.131900000009068,2278.1335999999897,8688.0
1701864817,210,,Aggregated,162.400000,0.000000,22,98,190,280,1400,1600,1800,1900,2300,2300,2300,12257,0,33,132.53431193603728,2.131900000009068,2278.1335999999897,8688.0
1701864818,210,GET,/,160.700000,0.000000,17,75,120,180,390,1500,1600,1700,2300,2300,2300,12466,0,32,130.69824635809468,2.131900000009068,2278.1335999999897,8688.0
1701864818,210,,Aggregated,160.700000,0.000000,17,75,120,180,390,1500,1600,1700,2300,2300,2300,12466,0,32,130.69824635809468,2.131900000009068,2278.1335999999897,8688.0
1701864819,210,GET,/,168.800000,0.000000,12,28,73,89,190,280,370,410,480,500,500,12676,0,30,128.6969588987071,2.131900000009068,2278.1335999999897,8688.0
1701864819,210,,Aggregated,168.800000,0.000000,12,28,73,89,190,280,370,410,480,500,500,12676,0,30,128.6969588987071,2.131900000009068,2278.1335999999897,8688.0
1701864820,210,GET,/,182.600000,0.000000,10,18,49,65,180,280,360,410,480,500,500,12885,0,29,126.84663779588749,2.131900000009068,2278.1335999999897,8688.0
1701864820,210,,Aggregated,182.600000,0.000000,10,18,49,65,180,280,360,410,480,500,500,12885,0,29,126.84663779588749,2.131900000009068,2278.1335999999897,8688.0
1701864821,210,GET,/,194.900000,0.000000,9,14,19,35,71,87,100,160,230,240,240,13090,0,28,125.22148625668534,2.131900000009068,2278.1335999999897,8688.0
1701864821,210,,Aggregated,194.900000,0.000000,9,14,19,35,71,87,100,160,230,240,240,13090,0,28,125.22148625668534,2.131900000009068,2278.1335999999897,8688.0
1701864822,210,GET,/,199.100000,0.000000,9,13,19,38,70,93,390,850,960,960,960,13186,0,28,126.8335033747923,2.131900000009068,2278.1335999999897,8688.0
1701864822,210,,Aggregated,199.100000,0.000000,9,13,19,38,70,93,390,850,960,960,960,13186,0,28,126.8335033747923,2.131900000009068,2278.1335999999897,8688.0
1701864823,210,GET,/,202.200000,0.000000,10,20,51,71,630,850,930,940,1000,1200,1200,13378,0,29,135.16024148602267,2.131900000009068,2278.1335999999897,8688.0
1701864823,210,,Aggregated,202.200000,0.000000,10,20,51,71,630,850,930,940,1000,1200,1200,13378,0,29,135.16024148602267,2.131900000009068,2278.1335999999897,8688.0
1701864824,210,GET,/,190.800000,0.000000,12,36,72,93,630,850,930,940,1000,1200,1200,13577,0,30,134.06316357811085,2.131900000009068,2278.1335999999897,8688.0
1701864824,210,,Aggregated,190.800000,0.000000,12,36,72,93,630,850,930,940,1000,1200,1200,13577,0,30,134.06316357811085,2.131900000009068,2278.1335999999897,8688.0
1701864825,210,GET,/,187.200000,0.000000,13,31,72,92,630,850,930,940,1000,1200,1200,13787,0,28,132.30090005077346,2.131900000009068,2278.1335999999897,8688.0
1701864825,210,,Aggregated,187.200000,0.000000,13,31,72,92,630,850,930,940,1000,1200,1200,13787,0,28,132.30090005077346,2.131900000009068,2278.1335999999897,8688.0
1701864826,210,GET,/,182.800000,0.000000,12,26,53,84,630,850,930,940,1000,1200,1200,13997,0,28,130.68026516396458,2.131900000009068,2278.1335999999897,8688.0
1701864826,210,,Aggregated,182.800000,0.000000,12,26,53,84,630,850,930,940,1000,1200,1200,13997,0,28,130.68026516396458,2.131900000009068,2278.1335999999897,8688.0
1701864827,210,GET,/,183.000000,0.000000,12,26,50,80,630,850,930,940,1000,1200,1200,14207,0,27,129.0313461533055,2.131900000009068,2278.1335999999897,8688.0
1701864827,210,,Aggregated,183.000000,0.000000,12,26,50,80,630,850,930,940,1000,1200,1200,14207,0,27,129.0313461533055,2.131900000009068,2278.1335999999897,8688.0
1701864828,210,GET,/,184.500000,0.000000,13,29,54,82,630,850,930,940,1000,1200,1200,14405,0,26,127.48835219021252,2.131900000009068,2278.1335999999897,8688.0
1701864828,210,,Aggregated,184.500000,0.000000,13,29,54,82,630,850,930,940,1000,1200,1200,14405,0,26,127.48835219021252,2.131900000009068,2278.1335999999897,8688.0
1701864829,210,GET,/,183.500000,0.000000,13,27,55,82,630,850,930,940,1000,1200,1200,14609,0,25,125.89926706140136,2.131900000009068,2278.1335999999897,8688.0
1701864829,210,,Aggregated,183.500000,0.000000,13,27,55,82,630,850,930,940,1000,1200,1200,14609,0,25,125.89926706140136,2.131900000009068,2278.1335999999897,8688.0
1701864830,210,GET,/,183.600000,0.000000,12,24,48,76,630,850,930,940,1000,1200,1200,14818,0,23,124.2624145363754,2.131900000009068,2278.1335999999897,8688.0
1701864830,210,,Aggregated,183.600000,0.000000,12,24,48,76,630,850,930,940,1000,1200,1200,14818,0,23,124.2624145363754,2.131900000009068,2278.1335999999897,8688.0
1701864831,210,GET,/,184.400000,0.000000,13,25,49,76,620,850,930,940,1000,1200,1200,15027,0,23,122.97824243029274,2.131900000009068,2278.1335999999897,8688.0
1701864831,210,,Aggregated,184.400000,0.000000,13,25,49,76,620,850,930,940,1000,1200,1200,15027,0,23,122.97824243029274,2.131900000009068,2278.1335999999897,8688.0
1701864832,210,GET,/,184.400000,0.000000,11,20,30,41,83,110,380,670,700,910,910,15213,0,23,121.81449790310984,2.131900000009068,2278.1335999999897,8688.0
1701864832,210,,Aggregated,184.400000,0.000000,11,20,30,41,83,110,380,670,700,910,910,15213,0,23,121.81449790310984,2.131900000009068,2278.1335999999897,8688.0
1701864833,210,GET,/,184.700000,0.000000,12,24,47,68,110,370,460,480,550,570,570,15377,0,24,124.20685529687267,2.131900000009068,2278.1335999999897,8688.0
1701864833,210,,Aggregated,184.700000,0.000000,12,24,47,68,110,370,460,480,550,570,570,15377,0,24,124.20685529687267,2.131900000009068,2278.1335999999897,8688.0
1701864834,210,GET,/,198.300000,0.000000,13,27,54,74,180,370,460,480,550,570,570,15587,0,24,123.79457234233716,2.131900000009068,2278.1335999999897,8688.0
1701864834,210,,Aggregated,198.300000,0.000000,13,27,54,74,180,370,460,480,550,570,570,15587,0,24,123.79457234233716,2.131900000009068,2278.1335999999897,8688.0
1701864835,210,GET,/,194.100000,0.000000,14,28,54,72,180,370,460,480,550,570,570,15788,0,24,122.47030317963068,2.131900000009068,2278.1335999999897,8688.0
1701864835,210,,Aggregated,194.100000,0.000000,14,28,54,72,180,370,460,480,550,570,570,15788,0,24,122.47030317963068,2.131900000009068,2278.1335999999897,8688.0
1701864836,210,GET,/,199.200000,0.000000,15,29,60,75,180,370,460,480,550,570,570,15973,0,24,121.5663460714963,2.131900000009068,2278.1335999999897,8688.0
1701864836,210,,Aggregated,199.200000,0.000000,15,29,60,75,180,370,460,480,550,570,570,15973,0,24,121.5663460714963,2.131900000009068,2278.1335999999897,8688.0
1701864837,210,GET,/,199.200000,0.000000,15,33,73,89,190,370,460,480,550,570,570,16183,0,23,120.80627933634122,2.131900000009068,2278.1335999999897,8688.0
1701864837,210,,Aggregated,199.200000,0.000000,15,33,73,89,190,370,460,480,550,570,570,16183,0,23,120.80627933634122,2.131900000009068,2278.1335999999897,8688.0
1701864838,210,GET,/,198.400000,0.000000,15,39,74,90,190,370,460,480,550,570,570,16392,0,23,119.54587471327534,2.131900000009068,2278.1335999999897,8688.0
1701864838,210,,Aggregated,198.400000,0.000000,15,39,74,90,190,370,460,480,550,570,570,16392,0,23,119.54587471327534,2.131900000009068,2278.1335999999897,8688.0
1701864839,210,GET,/,199.400000,0.000000,18,50,77,91,190,370,460,480,550,570,570,16590,0,23,118.51782563592589,2.131900000009068,2278.1335999999897,8688.0
1701864839,210,,Aggregated,199.400000,0.000000,18,50,77,91,190,370,460,480,550,570,570,16590,0,23,118.51782563592589,2.131900000009068,2278.1335999999897,8688.0
1701864840,210,GET,/,198.600000,0.000000,22,73,110,160,280,380,460,480,550,570,570,16772,0,24,119.49144559384739,2.131900000009068,2278.1335999999897,8688.0
1701864840,210,,Aggregated,198.600000,0.000000,22,73,110,160,280,380,460,480,550,570,570,16772,0,24,119.49144559384739,2.131900000009068,2278.1335999999897,8688.0
1701864841,210,GET,/,197.600000,0.000000,34,81,130,170,280,380,460,480,550,570,570,16929,0,23,118.93703621596127,2.131900000009068,2278.1335999999897,8688.0
1701864841,210,,Aggregated,197.600000,0.000000,34,81,130,170,280,380,460,480,550,570,570,16929,0,23,118.93703621596127,2.131900000009068,2278.1335999999897,8688.0
1701864842,210,GET,/,194.400000,0.000000,42,94,170,200,300,380,400,460,490,550,550,17139,0,24,120.28707498687255,2.131900000009068,2278.1335999999897,8688.0
1701864842,210,,Aggregated,194.400000,0.000000,42,94,170,200,300,380,400,460,490,550,550,17139,0,24,120.28707498687255,2.131900000009068,2278.1335999999897,8688.0
1701864843,210,GET,/,194.400000,0.000000,22,70,96,150,270,300,380,390,470,480,480,17349,0,24,119.11884603147207,2.094799999994734,2278.1335999999897,8688.0
1701864843,210,,Aggregated,194.400000,0.000000,22,70,96,150,270,300,380,390,470,480,480,17349,0,24,119.11884603147207,2.094799999994734,2278.1335999999897,8688.0
1701864844,210,GET,/,187.900000,0.000000,21,68,91,150,270,300,380,390,470,480,480,17553,0,23,118.13447834558254,2.094799999994734,2278.1335999999897,8688.0
1701864844,210,,Aggregated,187.900000,0.000000,21,68,91,150,270,300,380,390,470,480,480,17553,0,23,118.13447834558254,2.094799999994734,2278.1335999999897,8688.0
1701864845,210,GET,/,196.500000,0.000000,28,75,95,150,270,300,380,390,470,480,480,17752,0,24,117.42775025349297,2.094799999994734,2278.1335999999897,8688.0
1701864845,210,,Aggregated,196.500000,0.000000,28,75,95,150,270,300,380,390,470,480,480,17752,0,24,117.42775025349297,2.094799999994734,2278.1335999999897,8688.0
1701864846,210,GET,/,195.100000,0.000000,23,68,81,95,270,300,380,390,470,480,480,17961,0,24,116.44051283336155,2.094799999994734,2278.1335999999897,8688.0
1701864846,210,,Aggregated,195.100000,0.000000,23,68,81,95,270,300,380,390,470,480,480,17961,0,24,116.44051283336155,2.094799999994734,2278.1335999999897,8688.0
1701864847,210,GET,/,194.000000,0.000000,24,69,82,96,270,300,380,390,470,480,480,18140,0,23,115.47852946527054,2.094799999994734,2278.1335999999897,8688.0
1701864847,210,,Aggregated,194.000000,0.000000,24,69,82,96,270,300,380,390,470,480,480,18140,0,23,115.47852946527054,2.094799999994734,2278.1335999999897,8688.0
1701864848,210,GET,/,194.300000,0.000000,28,73,86,110,270,300,380,390,470,480,480,18350,0,23,114.72038833242542,2.094799999994734,2278.1335999999897,8688.0
1701864848,210,,Aggregated,194.300000,0.000000,28,73,86,110,270,300,380,390,470,480,480,18350,0,23,114.72038833242542,2.094799999994734,2278.1335999999897,8688.0
1701864849,210,GET,/,193.800000,0.000000,22,65,81,94,270,300,380,390,470,480,480,18560,0,23,113.55798680495708,2.094799999994734,2278.1335999999897,8688.0
1701864849,210,,Aggregated,193.800000,0.000000,22,65,81,94,270,300,380,390,470,480,480,18560,0,23,113.55798680495708,2.094799999994734,2278.1335999999897,8688.0
1701864850,210,GET,/,194.400000,0.000000,16,30,66,75,99,290,380,390,470,480,480,18770,0,22,112.37555327117771,2.094799999994734,2278.1335999999897,8688.0
1701864850,210,,Aggregated,194.400000,0.000000,16,30,66,75,99,290,380,390,470,480,480,18770,0,22,112.37555327117771,2.094799999994734,2278.1335999999897,8688.0
1701864851,210,GET,/,194.700000,0.000000,13,22,41,65,84,110,280,300,470,480,480,18979,0,21,111.24389963644052,2.094799999994734,2278.1335999999897,8688.0
1701864851,210,,Aggregated,194.700000,0.000000,13,22,41,65,84,110,280,300,470,480,480,18979,0,21,111.24389963644052,2.094799999994734,2278.1335999999897,8688.0
1701864852,210,GET,/,197.900000,0.000000,12,20,30,49,78,90,99,120,180,190,190,19189,0,21,110.1649978998385,2.094799999994734,2278.1335999999897,8688.0
1701864852,210,,Aggregated,197.900000,0.000000,12,20,30,49,78,90,99,120,180,190,190,19189,0,21,110.1649978998385,2.094799999994734,2278.1335999999897,8688.0
1701864853,210,GET,/,197.600000,0.000000,12,20,30,45,75,90,99,120,180,190,190,19398,0,21,109.21702595628416,2.058700000006297,2278.1335999999897,8688.0
1701864853,210,,Aggregated,197.600000,0.000000,12,20,30,45,75,90,99,120,180,190,190,19398,0,21,109.21702595628416,2.058700000006297,2278.1335999999897,8688.0
1701864854,210,GET,/,204.100000,0.000000,10,16,24,35,73,89,98,120,180,190,190,19596,0,20,108.18343630332714,2.058700000006297,2278.1335999999897,8688.0
1701864854,210,,Aggregated,204.100000,0.000000,10,16,24,35,73,89,98,120,180,190,190,19596,0,20,108.18343630332714,2.058700000006297,2278.1335999999897,8688.0
1701864855,210,GET,/,204.100000,0.000000,9,13,17,21,48,73,98,110,180,190,190,19806,0,20,107.16953331818631,2.058700000006297,2278.1335999999897,8688.0
1701864855,210,,Aggregated,204.100000,0.000000,9,13,17,21,48,73,98,110,180,190,190,19806,0,20,107.16953331818631,2.058700000006297,2278.1335999999897,8688.0
1701864856,210,GET,/,205.900000,0.000000,9,12,16,20,49,83,100,110,180,190,190,20016,0,19,106.34351912470024,2.058700000006297,2278.1335999999897,8688.0
1701864856,210,,Aggregated,205.900000,0.000000,9,12,16,20,49,83,100,110,180,190,190,20016,0,19,106.34351912470024,2.058700000006297,2278.1335999999897,8688.0
1701864857,210,GET,/,206.900000,0.000000,8,12,15,19,44,66,87,96,140,170,170,20214,0,19,105.57006110616409,2.058700000006297,2278.1335999999897,8688.0
1701864857,210,,Aggregated,206.900000,0.000000,8,12,15,19,44,66,87,96,140,170,170,20214,0,19,105.57006110616409,2.058700000006297,2278.1335999999897,8688.0
1701864858,210,GET,/,207.600000,0.000000,8,11,14,16,41,60,85,96,140,170,170,20416,0,19,104.63415233640276,2.058700000006297,2278.1335999999897,8688.0
1701864858,210,,Aggregated,207.600000,0.000000,8,11,14,16,41,60,85,96,140,170,170,20416,0,19,104.63415233640276,2.058700000006297,2278.1335999999897,8688.0
1701864859,210,GET,/,208.100000,0.000000,8,11,14,17,42,60,85,96,140,170,170,20619,0,19,103.70200676560451,2.058700000006297,2278.1335999999897,8688.0
1701864859,210,,Aggregated,208.100000,0.000000,8,11,14,17,42,60,85,96,140,170,170,20619,0,19,103.70200676560451,2.058700000006297,2278.1335999999897,8688.0
1701864860,210,GET,/,208.900000,0.000000,8,12,16,19,46,60,85,96,140,170,170,20829,0,18,102.81622726007005,2.058700000006297,2278.1335999999897,8688.0
1701864860,210,,Aggregated,208.900000,0.000000,8,12,16,19,46,60,85,96,140,170,170,20829,0,18,102.81622726007005,2.058700000006297,2278.1335999999897,8688.0
1701864861,210,GET,/,209.100000,0.000000,8,11,16,20,48,63,85,96,140,170,170,21037,0,18,101.92279834577172,2.058700000006297,2278.1335999999897,8688.0
1701864861,210,,Aggregated,209.100000,0.000000,8,11,16,20,48,63,85,96,140,170,170,21037,0,18,101.92279834577172,2.058700000006297,2278.1335999999897,8688.0
1701864862,210,GET,/,209.100000,0.000000,9,13,21,36,87,120,170,190,210,210,210,21239,0,19,102.13430334290686,2.058700000006297,2278.1335999999897,8688.0
1701864862,210,,Aggregated,209.100000,0.000000,9,13,21,36,87,120,170,190,210,210,210,21239,0,19,102.13430334290686,2.058700000006297,2278.1335999999897,8688.0
1701864863,210,GET,/,209.200000,0.000000,9,16,23,43,88,120,170,190,210,210,210,21448,0,19,101.38886098004463,2.058700000006297,2278.1335999999897,8688.0
1701864863,210,,Aggregated,209.200000,0.000000,9,16,23,43,88,120,170,190,210,210,210,21448,0,19,101.38886098004463,2.058700000006297,2278.1335999999897,8688.0
1701864864,210,GET,/,206.200000,0.000000,10,19,43,58,110,170,200,210,280,310,310,21637,0,19,101.1864283357211,2.058700000006297,2278.1335999999897,8688.0
1701864864,210,,Aggregated,206.200000,0.000000,10,19,43,58,110,170,200,210,280,310,310,21637,0,19,101.1864283357211,2.058700000006297,2278.1335999999897,8688.0
1701864865,210,GET,/,204.500000,0.000000,11,23,53,73,120,170,200,210,280,310,310,21772,0,19,100.87982051258491,2.058700000006297,2278.1335999999897,8688.0
1701864865,210,,Aggregated,204.500000,0.000000,11,23,53,73,120,170,200,210,280,310,310,21772,0,19,100.87982051258491,2.058700000006297,2278.1335999999897,8688.0
1701864866,210,GET,/,203.300000,0.000000,13,41,75,110,190,280,310,350,410,410,410,21982,0,19,101.92079135656431,2.058700000006297,2278.1335999999897,8688.0
1701864866,210,,Aggregated,203.300000,0.000000,13,41,75,110,190,280,310,350,410,410,410,21982,0,19,101.92079135656431,2.058700000006297,2278.1335999999897,8688.0
1701864867,210,GET,/,203.400000,0.000000,17,62,110,160,200,280,310,350,410,410,410,22192,0,19,102.01040286589738,2.058700000006297,2278.1335999999897,8688.0
1701864867,210,,Aggregated,203.400000,0.000000,17,62,110,160,200,280,310,350,410,410,410,22192,0,19,102.01040286589738,2.058700000006297,2278.1335999999897,8688.0
1701864868,210,GET,/,198.900000,0.000000,19,67,110,160,200,280,310,350,410,410,410,22402,0,19,101.25511794036227,2.058700000006297,2278.1335999999897,8688.0
1701864868,210,,Aggregated,198.900000,0.000000,19,67,110,160,200,280,310,350,410,410,410,22402,0,19,101.25511794036227,2.058700000006297,2278.1335999999897,8688.0
1701864869,210,GET,/,192.800000,0.000000,24,79,120,160,200,280,310,350,410,410,410,22598,0,19,100.92209689795524,2.058700000006297,2278.1335999999897,8688.0
1701864869,210,,Aggregated,192.800000,0.000000,24,79,120,160,200,280,310,350,410,410,410,22598,0,19,100.92209689795524,2.058700000006297,2278.1335999999897,8688.0
1701864870,210,GET,/,192.800000,0.000000,48,100,150,170,200,280,310,350,410,410,410,22786,0,19,100.73836191082212,2.058700000006297,2278.1335999999897,8688.0
1701864870,210,,Aggregated,192.800000,0.000000,48,100,150,170,200,280,310,350,410,410,410,22786,0,19,100.73836191082212,2.058700000006297,2278.1335999999897,8688.0
1701864871,210,GET,/,193.300000,0.000000,42,91,150,170,200,280,310,350,410,410,410,22983,0,19,100.22008645955667,2.058700000006297,2278.1335999999897,8688.0
1701864871,210,,Aggregated,193.300000,0.000000,42,91,150,170,200,280,310,350,410,410,410,22983,0,19,100.22008645955667,2.058700000006297,2278.1335999999897,8688.0
1701864872,210,GET,/,193.300000,0.000000,24,76,110,160,200,280,310,350,410,410,410,23192,0,19,99.61550254398027,2.058700000006297,2278.1335999999897,8688.0
1701864872,210,,Aggregated,193.300000,0.000000,24,76,110,160,200,280,310,350,410,410,410,23192,0,19,99.61550254398027,2.058700000006297,2278.1335999999897,8688.0
1701864873,210,GET,/,193.500000,0.000000,21,74,110,160,200,280,310,350,410,410,410,23392,0,19,98.85318667920622,2.058700000006297,2278.1335999999897,8688.0
1701864873,210,,Aggregated,193.500000,0.000000,21,74,110,160,200,280,310,350,410,410,410,23392,0,19,98.85318667920622,2.058700000006297,2278.1335999999897,8688.0
1701864874,210,GET,/,194.500000,0.000000,19,71,100,140,190,280,310,350,410,410,410,23596,0,19,98.41726636718046,2.0526000000131717,2278.1335999999897,8688.0
1701864874,210,,Aggregated,194.500000,0.000000,19,71,100,140,190,280,310,350,410,410,410,23596,0,19,98.41726636718046,2.0526000000131717,2278.1335999999897,8688.0
1701864875,210,GET,/,196.200000,0.000000,15,56,73,91,170,190,200,220,290,290,290,23806,0,18,97.71415995967355,2.0526000000131717,2278.1335999999897,8688.0
1701864875,210,,Aggregated,196.200000,0.000000,15,56,73,91,170,190,200,220,290,290,290,23806,0,18,97.71415995967355,2.0526000000131717,2278.1335999999897,8688.0
1701864876,210,GET,/,197.400000,0.000000,13,34,67,78,150,180,200,200,270,270,270,24016,0,18,96.970283902398,2.0526000000131717,2278.1335999999897,8688.0
1701864876,210,,Aggregated,197.400000,0.000000,13,34,67,78,150,180,200,200,270,270,270,24016,0,18,96.970283902398,2.0526000000131717,2278.1335999999897,8688.0
1701864877,210,GET,/,196.100000,0.000000,11,19,53,64,100,140,180,190,270,270,270,24224,0,18,96.23632332397587,2.0526000000131717,2278.1335999999897,8688.0
1701864877,210,,Aggregated,196.100000,0.000000,11,19,53,64,100,140,180,190,270,270,270,24224,0,18,96.23632332397587,2.0526000000131717,2278.1335999999897,8688.0
1701864878,210,GET,/,200.400000,0.000000,10,17,44,61,100,140,180,190,270,270,270,24434,0,18,95.47520000818494,2.0526000000131717,2278.1335999999897,8688.0
1701864878,210,,Aggregated,200.400000,0.000000,10,17,44,61,100,140,180,190,270,270,270,24434,0,18,95.47520000818494,2.0526000000131717,2278.1335999999897,8688.0
1701864879,210,GET,/,204.600000,0.000000,8,13,18,27,77,120,170,180,270,270,270,24644,0,17,94.71367957717868,2.0526000000131717,2278.1335999999897,8688.0
1701864879,210,,Aggregated,204.600000,0.000000,8,13,18,27,77,120,170,180,270,270,270,24644,0,17,94.71367957717868,2.0526000000131717,2278.1335999999897,8688.0
1701864880,210,GET,/,204.600000,0.000000,8,12,16,19,69,94,140,160,190,190,190,24854,0,17,94.35203067514246,2.0526000000131717,2278.1335999999897,8688.0
1701864880,210,,Aggregated,204.600000,0.000000,8,12,16,19,69,94,140,160,190,190,190,24854,0,17,94.35203067514246,2.0526000000131717,2278.1335999999897,8688.0
1701864881,210,GET,/,204.600000,0.000000,8,13,18,28,67,93,140,160,190,190,190,25060,0,17,93.8197454189939,2.0526000000131717,2278.1335999999897,8688.0
1701864881,210,,Aggregated,204.600000,0.000000,8,13,18,28,67,93,140,160,190,190,190,25060,0,17,93.8197454189939,2.0526000000131717,2278.1335999999897,8688.0
1701864882,210,GET,/,203.300000,0.000000,8,15,22,40,71,89,140,160,190,190,190,25260,0,17,93.4056727355498,2.0526000000131717,2278.1335999999897,8688.0
1701864882,210,,Aggregated,203.300000,0.000000,8,15,22,40,71,89,140,160,190,190,190,25260,0,17,93.4056727355498,2.0526000000131717,2278.1335999999897,8688.0
1701864883,210,GET,/,203.300000,0.000000,10,19,41,61,85,120,170,210,280,310,310,25461,0,18,93.29144235104637,2.0526000000131717,2278.1335999999897,8688.0
1701864883,210,,Aggregated,203.300000,0.000000,10,19,41,61,85,120,170,210,280,310,310,25461,0,18,93.29144235104637,2.0526000000131717,2278.1335999999897,8688.0
1701864884,210,GET,/,205.000000,0.000000,10,20,51,63,86,99,160,210,280,310,310,25632,0,18,93.06488547518695,2.0526000000131717,2278.1335999999897,8688.0
1701864884,210,,Aggregated,205.000000,0.000000,10,20,51,63,86,99,160,210,280,310,310,25632,0,18,93.06488547518695,2.0526000000131717,2278.1335999999897,8688.0
1701864885,210,GET,/,201.000000,0.000000,13,37,64,76,93,160,210,280,360,370,370,25830,0,18,93.10561583430079,2.0526000000131717,2278.1335999999897,8688.0
1701864885,210,,Aggregated,201.000000,0.000000,13,37,64,76,93,160,210,280,360,370,370,25830,0,18,93.10561583430079,2.0526000000131717,2278.1335999999897,8688.0
1701864886,210,GET,/,201.000000,0.000000,15,47,69,80,95,160,210,280,360,370,370,26040,0,18,92.63705681259567,2.0526000000131717,2278.1335999999897,8688.0
1701864886,210,,Aggregated,201.000000,0.000000,15,47,69,80,95,160,210,280,360,370,370,26040,0,18,92.63705681259567,2.0526000000131717,2278.1335999999897,8688.0
1701864887,210,GET,/,201.000000,0.000000,17,57,71,81,95,160,210,280,360,370,370,26244,0,18,92.1324886374025,2.0526000000131717,2278.1335999999897,8688.0
1701864887,210,,Aggregated,201.000000,0.000000,17,57,71,81,95,160,210,280,360,370,370,26244,0,18,92.1324886374025,2.0526000000131717,2278.1335999999897,8688.0
1701864888,210,GET,/,200.900000,0.000000,24,65,79,85,110,190,270,280,370,370,370,26408,0,18,92.08044667903634,2.0526000000131717,2278.1335999999897,8688.0
1701864888,210,,Aggregated,200.900000,0.000000,24,65,79,85,110,190,270,280,370,370,370,26408,0,18,92.08044667903634,2.0526000000131717,2278.1335999999897,8688.0
1701864889,210,GET,/,200.800000,0.000000,48,78,88,93,180,230,280,290,370,370,370,26616,0,18,92.49051717388014,2.0526000000131717,2278.1335999999897,8688.0
1701864889,210,,Aggregated,200.800000,0.000000,48,78,88,93,180,230,280,290,370,370,370,26616,0,18,92.49051717388014,2.0526000000131717,2278.1335999999897,8688.0
1701864890,210,GET,/,199.400000,0.000000,60,85,95,120,230,280,310,320,380,390,390,26790,0,18,93.34943801791684,2.0526000000131717,2278.1335999999897,8688.0
1701864890,210,,Aggregated,199.400000,0.000000,60,85,95,120,230,280,310,320,380,390,390,26790,0,18,93.34943801791684,2.0526000000131717,2278.1335999999897,8688.0
1701864891,210,GET,/,195.400000,0.000000,65,88,100,160,240,280,310,350,380,390,390,26971,0,19,93.17675592673586,2.0526000000131717,2278.1335999999897,8688.0
1701864891,210,,Aggregated,195.400000,0.000000,65,88,100,160,240,280,310,350,380,390,390,26971,0,19,93.17675592673586,2.0526000000131717,2278.1335999999897,8688.0
1701864892,210,GET,/,194.900000,0.000000,76,100,180,210,280,310,370,380,410,410,410,27118,0,19,94.2246332030383,2.0526000000131717,2278.1335999999897,8688.0
1701864892,210,,Aggregated,194.900000,0.000000,76,100,180,210,280,310,370,380,410,410,410,27118,0,19,94.2246332030383,2.0526000000131717,2278.1335999999897,8688.0
1701864893,210,GET,/,194.900000,0.000000,76,110,190,220,300,370,400,440,530,530,530,27328,0,19,94.64714252415084,2.0526000000131717,2278.1335999999897,8688.0
1701864893,210,,Aggregated,194.900000,0.000000,76,110,190,220,300,370,400,440,530,530,530,27328,0,19,94.64714252415084,2.0526000000131717,2278.1335999999897,8688.0
1701864894,210,GET,/,187.500000,0.000000,68,97,180,220,300,370,400,440,530,530,530,27538,0,19,94.23608945094018,2.0526000000131717,2278.1335999999897,8688.0
1701864894,210,,Aggregated,187.500000,0.000000,68,97,180,220,300,370,400,440,530,530,530,27538,0,19,94.23608945094018,2.0526000000131717,2278.1335999999897,8688.0
1701864895,210,GET,/,188.600000,0.000000,65,97,180,220,290,370,400,440,530,530,530,27748,0,19,93.8533857503241,2.0526000000131717,2278.1335999999897,8688.0
1701864895,210,,Aggregated,188.600000,0.000000,65,97,180,220,290,370,400,440,530,530,530,27748,0,19,93.8533857503241,2.0526000000131717,2278.1335999999897,8688.0
1701864896,210,GET,/,187.400000,0.000000,56,96,180,220,290,370,400,440,530,530,530,27958,0,19,93.2310694184131,2.0526000000131717,2278.1335999999897,8688.0
1701864896,210,,Aggregated,187.400000,0.000000,56,96,180,220,290,370,400,440,530,530,530,27958,0,19,93.2310694184131,2.0526000000131717,2278.1335999999897,8688.0
1701864897,210,GET,/,186.900000,0.000000,54,96,180,210,290,370,400,440,530,530,530,28168,0,19,92.70999042530492,2.0526000000131717,2278.1335999999897,8688.0
1701864897,210,,Aggregated,186.900000,0.000000,54,96,180,210,290,370,400,440,530,530,530,28168,0,19,92.70999042530492,2.0526000000131717,2278.1335999999897,8688.0
1701864898,210,GET,/,187.100000,0.000000,27,85,110,180,280,360,400,430,530,530,530,28378,0,18,92.129435478187,2.0526000000131717,2278.1335999999897,8688.0
1701864898,210,,Aggregated,187.100000,0.000000,27,85,110,180,280,360,400,430,530,530,530,28378,0,18,92.129435478187,2.0526000000131717,2278.1335999999897,8688.0
1701864899,210,GET,/,189.100000,0.000000,15,63,95,130,280,360,400,430,530,530,530,28588,0,18,91.53209499090497,2.0526000000131717,2278.1335999999897,8688.0
1701864899,210,,Aggregated,189.100000,0.000000,15,63,95,130,280,360,400,430,530,530,530,28588,0,18,91.53209499090497,2.0526000000131717,2278.1335999999897,8688.0
1701864900,210,GET,/,190.500000,0.000000,13,50,83,97,270,370,400,440,530,530,530,28719,0,18,92.01494587207044,2.0526000000131717,2278.1335999999897,8688.0
1701864900,210,,Aggregated,190.500000,0.000000,13,50,83,97,270,370,400,440,530,530,530,28719,0,18,92.01494587207044,2.0526000000131717,2278.1335999999897,8688.0
1701864901,210,GET,/,194.400000,0.000000,17,74,98,160,340,400,460,480,530,530,530,28928,0,18,93.07266189850642,2.0526000000131717,2278.1335999999897,8688.0
1701864901,210,,Aggregated,194.400000,0.000000,17,74,98,160,340,400,460,480,530,530,530,28928,0,18,93.07266189850642,2.0526000000131717,2278.1335999999897,8688.0
1701864902,210,GET,/,195.600000,0.000000,14,58,90,99,280,390,470,510,600,600,600,29034,0,19,93.67715620651632,2.0526000000131717,2278.1335999999897,8688.0
1701864902,210,,Aggregated,195.600000,0.000000,14,58,90,99,280,390,470,510,600,600,600,29034,0,19,93.67715620651632,2.0526000000131717,2278.1335999999897,8688.0
1701864903,210,GET,/,187.500000,0.000000,15,64,93,110,290,420,490,560,800,810,810,29046,0,19,93.95164050127366,2.0526000000131717,2278.1335999999897,8688.0
1701864903,210,,Aggregated,187.500000,0.000000,15,64,93,110,290,420,490,560,800,810,810,29046,0,19,93.95164050127366,2.0526000000131717,2278.1335999999897,8688.0
1701864904,210,GET,/,187.500000,0.000000,14,61,97,120,300,460,510,600,800,810,810,29046,0,19,93.95164050127366,2.0526000000131717,2278.1335999999897,8688.0
1701864904,210,,Aggregated,187.500000,0.000000,14,61,97,120,300,460,510,600,800,810,810,29046,0,19,93.95164050127366,2.0526000000131717,2278.1335999999897,8688.0
1701864905,210,GET,/,187.500000,0.000000,13,56,110,170,360,460,530,600,800,810,810,29046,0,19,93.95164050127366,2.0526000000131717,2278.1335999999897,8688.0
1701864905,210,,Aggregated,187.500000,0.000000,13,56,110,170,360,460,530,600,800,810,810,29046,0,19,93.95164050127366,2.0526000000131717,2278.1335999999897,8688.0
1701864906,210,GET,/,187.500000,0.000000,18,93,160,270,380,470,530,730,800,810,810,29046,0,19,93.95164050127366,2.0526000000131717,2278.1335999999897,8688.0
1701864906,210,,Aggregated,187.500000,0.000000,18,93,160,270,380,470,530,730,800,810,810,29046,0,19,93.95164050127366,2.0526000000131717,2278.1335999999897,8688.0
1701864907,210,GET,/,187.500000,0.000000,35,130,270,290,410,480,550,730,810,810,810,29046,0,19,93.95164050127366,2.0526000000131717,2278.1335999999897,8688.0
1701864907,210,,Aggregated,187.500000,0.000000,35,130,270,290,410,480,550,730,810,810,810,29046,0,19,93.95164050127366,2.0526000000131717,2278.1335999999897,8688.0
1701864908,210,GET,/,187.500000,0.000000,110,260,290,350,460,490,600,740,810,810,810,29046,0,19,93.95164050127366,2.0526000000131717,2278.1335999999897,8688.0
1701864908,210,,Aggregated,187.500000,0.000000,110,260,290,350,460,490,600,740,810,810,810,29046,0,19,93.95164050127366,2.0526000000131717,2278.1335999999897,8688.0
1701864909,210,GET,/,187.500000,0.000000,240,300,370,400,480,530,730,770,810,810,810,29046,0,19,93.95164050127366,2.0526000000131717,2278.1335999999897,8688.0
1701864909,210,,Aggregated,187.500000,0.000000,240,300,370,400,480,530,730,770,810,810,810,29046,0,19,93.95164050127366,2.0526000000131717,2278.1335999999897,8688.0
1701864910,210,GET,/,187.500000,0.000000,240,320,400,460,490,600,740,790,810,810,810,29046,0,19,93.95164050127366,2.0526000000131717,2278.1335999999897,8688.0
1701864910,210,,Aggregated,187.500000,0.000000,240,320,400,460,490,600,740,790,810,810,810,29046,0,19,93.95164050127366,2.0526000000131717,2278.1335999999897,8688.0
1701864911,210,GET,/,65.000000,0.000000,8300,8700,8800,8900,8900,8900,9000,9000,9100,9100,9100,29256,0,19,154.76361905250178,2.0526000000131717,9131.007099999977,8688.0
1701864911,210,,Aggregated,65.000000,0.000000,8300,8700,8800,8900,8900,8900,9000,9000,9100,9100,9100,29256,0,19,154.76361905250178,2.0526000000131717,9131.007099999977,8688.0
1701864912,210,GET,/,44.600000,0.000000,8000,8400,8700,8800,8900,8900,9000,9000,9100,9100,9100,29428,0,19,154.25526469009063,2.0526000000131717,9131.007099999977,8688.0
1701864912,210,,Aggregated,44.600000,0.000000,8000,8400,8700,8800,8900,8900,9000,9000,9100,9100,9100,29428,0,19,154.25526469009063,2.0526000000131717,9131.007099999977,8688.0
1701864913,210,GET,/,31.700000,0.000000,110,7800,8300,8600,8900,8900,9000,9000,9100,9100,9100,29622,0,19,153.58507640267328,2.0526000000131717,9131.007099999977,8688.0
1701864913,210,,Aggregated,31.700000,0.000000,110,7800,8300,8600,8900,8900,9000,9000,9100,9100,9100,29622,0,19,153.58507640267328,2.0526000000131717,9131.007099999977,8688.0
1701864915,210,GET,/,31.900000,0.000000,83,160,8000,8300,8800,8900,8900,9000,9100,9100,9100,29810,0,19,152.8727069137872,2.0526000000131717,9131.007099999977,8688.0
1701864915,210,,Aggregated,31.900000,0.000000,83,160,8000,8300,8800,8900,8900,9000,9100,9100,9100,29810,0,19,152.8727069137872,2.0526000000131717,9131.007099999977,8688.0
1701864916,210,GET,/,39.400000,0.000000,63,97,180,8000,8700,8900,8900,9000,9100,9100,9100,30020,0,19,152.0509063157894,2.0526000000131717,9131.007099999977,8688.0
1701864916,210,,Aggregated,39.400000,0.000000,63,97,180,8000,8700,8900,8900,9000,9100,9100,9100,30020,0,19,152.0509063157894,2.0526000000131717,9131.007099999977,8688.0
1701864917,210,GET,/,57.700000,0.000000,48,87,100,180,8600,8900,8900,9000,9100,9100,9100,30211,0,19,151.29652951242898,2.0526000000131717,9131.007099999977,8688.0
1701864917,210,,Aggregated,57.700000,0.000000,48,87,100,180,8600,8900,8900,9000,9100,9100,9100,30211,0,19,151.29652951242898,2.0526000000131717,9131.007099999977,8688.0
1701864918,210,GET,/,76.400000,0.000000,48,88,100,170,8400,8800,8900,9000,9100,9100,9100,30419,0,19,150.7142842631247,2.0526000000131717,9131.007099999977,8688.0
1701864918,210,,Aggregated,76.400000,0.000000,48,88,100,170,8400,8800,8900,9000,9100,9100,9100,30419,0,19,150.7142842631247,2.0526000000131717,9131.007099999977,8688.0
